{
  "hash": "299f6615",
  "configHash": "26f31da4",
  "lockfileHash": "5e1eeb46",
  "browserHash": "b0049fce",
  "optimized": {
    "@angular/common/http": {
      "src": "../../../../../../node_modules/@angular/common/fesm2022/http.mjs",
      "file": "@angular_common_http.js",
      "fileHash": "d21c0af4",
      "needsInterop": false
    },
    "@angular/core": {
      "src": "../../../../../../node_modules/@angular/core/fesm2022/core.mjs",
      "file": "@angular_core.js",
      "fileHash": "51ce61a1",
      "needsInterop": false
    },
    "@angular/forms": {
      "src": "../../../../../../node_modules/@angular/forms/fesm2022/forms.mjs",
      "file": "@angular_forms.js",
      "fileHash": "9ac29698",
      "needsInterop": false
    },
    "@angular/platform-browser": {
      "src": "../../../../../../node_modules/@angular/platform-browser/fesm2022/platform-browser.mjs",
      "file": "@angular_platform-browser.js",
      "fileHash": "56935dd9",
      "needsInterop": false
    },
    "@angular/router": {
      "src": "../../../../../../node_modules/@angular/router/fesm2022/router.mjs",
      "file": "@angular_router.js",
      "fileHash": "a85a7190",
      "needsInterop": false
    },
    "@angular/common": {
      "src": "../../../../../../node_modules/@angular/common/fesm2022/common.mjs",
      "file": "@angular_common.js",
      "fileHash": "a2364bbf",
      "needsInterop": false
    }
  },
  "chunks": {
    "chunk-YGKF7VYI": {
      "file": "chunk-YGKF7VYI.js"
    },
    "chunk-V6RUAOAI": {
      "file": "chunk-V6RUAOAI.js"
    },
    "chunk-Y5IAB3P7": {
      "file": "chunk-Y5IAB3P7.js"
    },
    "chunk-F5BRNNIR": {
      "file": "chunk-F5BRNNIR.js"
    }
  }
}